freq_hz,mean_vrms,std_vrms,n_samples,samples
10,4.898585,0.00139139306691765,10,4.898808 4.897488 4.898674 4.899088 4.900882 4.898152 4.898144 4.899015 4.899901 4.895698
