freq_hz,mean_vrms,std_vrms,n_samples,samples
100,5.0002945,5.798131883050504e-05,10,5.000294 5.000238 5.000407 5.000302 5.000238 5.000294 5.000361 5.000284 5.000312 5.000215
